Id,Predicted
1,932764
2,29490
3,387002
4,397925
5,109880
6,269656
7,310079
8,438015
9,422893
10,325242
11,500006
12,824780
13,429867
14,496167
15,642315
16,362898
17,847819
18,911674
19,897948
20,49620
21,859390
22,601220
23,880710
24,129177
25,293063
26,223513
27,630144
28,697901
29,312444
30,805849
31,705628
32,860689
33,382766
34,646394
35,35661
36,718331
37,548530
38,811094
39,423094
40,150923
41,6848
42,56161
43,66993
44,323275
45,726452
46,183678
47,252647
48,582609
49,400500
50,714809
51,573754
52,346451
53,368369
54,780701
55,978965
56,229422
57,661854
58,489626
59,325815
60,962253
61,966945
62,949960
63,428839
64,186211
65,814179
66,97497
67,208668
68,423003
69,567025
70,493464
71,91507
72,26703
73,945722
74,92878
75,333355
76,713574
77,658196
78,413954
79,213083
80,971452
81,793308
82,615851
83,769118
84,797231
85,625673
86,277713
87,864734
88,463785
89,375078
90,495735
91,229001
92,432225
93,824386
94,621675
95,809470
96,797849
97,923252
98,166106
99,316962
100,375569
101,64734
102,208816
103,473853
104,420345
105,419554
106,988651
107,879611
108,158605
109,928375
110,93033
111,968617
112,536371
113,493958
114,6174
115,596512
116,518366
117,868550
118,393219
119,896155
120,689807
121,311657
122,849124
123,190072
124,999422
125,491830
126,395928
127,633009
128,59963
129,343673
130,505417
131,539334
132,202793
133,766787
134,107034
135,881945
136,318779
137,593281
138,929883
139,541595
140,651703
141,159997
142,654997
143,550909
144,26613
145,933435
146,17542
147,781553
148,268323
149,860892
150,11838
151,435066
152,709731
153,699623
154,294019
155,939792
156,11356
157,324394
158,342631
159,753374
160,958869
161,578115
162,786745
163,400707
164,311207
165,333847
166,920334
167,322531
168,115817
169,131298
170,932197
171,704559
172,557653
173,666707
174,949947
175,38886
176,373703
177,9806
178,47289
179,329169
180,44335
181,231523
182,834541
183,382797
184,406768
185,15438
186,847122
187,783806
188,455073
189,237172
190,385351
191,860158
192,966643
193,699316
194,726649
195,151188
196,188900
197,553913
198,229157
199,652228
200,234735
201,106540
202,40416
203,23048
204,563891
205,930723
206,198372
207,257623
208,104068
209,611571
210,412398
211,240549
212,214269
213,144513
214,802757
215,579248
216,979010
217,527856
218,187041
219,972910
220,800930
221,474185
222,976387
223,734151
224,127574
225,320692
226,492972
227,445917
228,492461
229,116153
230,169482
231,845747
232,98522
233,804108
234,32455
235,66559
236,541868
237,287802
238,511938
239,215514
240,224324
241,660536
242,632494
243,780872
244,683650
245,801532
246,213878
247,565249
248,771007
249,986301
250,797631
251,249104
252,6533
253,834365
254,588255
255,491145
256,867277
257,336479
258,989783
259,825681
260,419082
261,466771
262,81532
263,877388
264,947781
265,919417
266,127111
267,390989
268,818559
269,319240
270,480674
271,779708
272,79217
273,174222
274,841738
275,797823
276,597838
277,276231
278,28176
279,208206
280,202993
281,953783
282,365245
283,67421
284,180834
285,854565
286,521582
287,314020
288,24466
289,931406
290,521224
291,498321
292,863815
293,246906
294,599898
295,715825
296,6288
297,650875
298,195768
299,535851
300,358138
301,450900
302,326567
303,89846
304,682219
305,847806
306,829631
307,590883
308,79366
309,180652
310,867128
311,691013
312,297774
313,284353
314,929884
315,993545
316,408373
317,449610
318,529404
319,173112
320,605373
321,359903
322,334266
323,920914
324,861981
325,812552
326,685058
327,932168
328,494203
329,187102
330,977998
331,447282
332,353803
333,259272
334,123564
335,210059
336,18782
337,655592
338,210719
339,831403
340,500427
341,663673
342,203136
343,364267
344,305270
345,245072
346,290260
347,777200
348,233691
349,509369
350,757868
351,34863
352,760832
353,994835
354,540372
355,682738
356,816747
357,336526
358,96312
359,421303
360,988941
361,88670
362,801079
363,826828
364,729763
365,984569
366,583977
367,519267
368,822246
369,972012
370,223209
371,33462
372,790527
373,241484
374,240669
375,961742
376,924713
377,782527
378,162758
379,601332
380,305885
381,952864
382,503344
383,58747
384,486019
385,145773
386,916064
387,189019
388,11844
389,992455
390,806119
391,736525
392,633704
393,64379
394,303410
395,906009
396,53372
397,750846
398,911302
399,339741
400,322404
401,712161
402,656492
403,75503
404,279285
405,960090
406,988798
407,679162
408,624503
409,433873
410,594311
411,7061
412,683330
413,739410
414,285943
415,282484
416,542840
417,146789
418,82394
419,645458
420,909457
421,720796
422,855837
423,537436
424,693656
425,642066
426,661841
427,146670
428,357434
429,993157
430,219433
431,303962
432,466729
433,991859
434,407566
435,272750
436,574394
437,389851
438,25144
439,616246
440,559718
441,382402
442,129179
443,994424
444,298555
445,336783
446,739437
447,295534
448,104987
449,213789
450,563327
451,843542
452,733256
453,76891
454,152876
455,651139
456,959766
457,233942
458,822901
459,367107
460,372644
461,591738
462,18291
463,959747
464,114247
465,807250
466,166374
467,500411
468,974739
469,952051
470,451233
471,82036
472,587282
473,157646
474,229634
475,798893
476,83267
477,146424
478,817593
479,400866
480,625642
481,571373
482,223029
483,246631
484,836594
485,661051
486,709254
487,246705
488,500306
489,96460
490,237937
491,793978
492,670208
493,213229
494,265858
495,113670
496,702070
497,233927
498,730037
499,867654
500,918667
501,77495
502,539252
503,263505
504,878786
505,480017
506,450547
507,843674
508,253545
509,385669
510,816904
511,765019
512,427837
513,349230
514,582055
515,876829
516,355860
517,630673
518,821556
519,622923
520,259997
521,684718
522,602159
523,539997
524,214601
525,358917
526,486612
527,412753
528,884594
529,645593
530,446007
531,442372
532,967421
533,697143
534,570215
535,757452
536,630971
537,749971
538,867891
539,367791
540,255179
541,927014
542,715732
543,56430
544,517477
545,748061
546,512450
547,502640
548,648980
549,794382
550,692307
551,109330
552,6819
553,901389
554,97590
555,7403
556,826489
557,620020
558,456375
559,664446
560,645340
561,452247
562,284113
563,526725
564,823718
565,564770
566,363535
567,465671
568,373863
569,681702
570,261140
571,229952
572,869168
573,594412
574,329860
575,72062
576,119012
577,975032
578,811757
579,627401
580,19088
581,788213
582,992741
583,580527
584,126479
585,740186
586,639922
587,717218
588,55807
589,639993
590,953564
591,394881
592,381458
593,857909
594,37524
595,983466
596,885496
597,911662
598,998004
599,353405
600,376564
601,581377
602,549582
603,388189
604,977381
605,416596
606,784440
607,852292
608,433771
609,448764
610,155923
611,778494
612,223339
613,833822
614,866987
615,83771
616,764525
617,823855
618,629278
